id,x,y,latitude,longitude,label,tags,url,xywh
point_1,,,28.3439714,129.9838012,西目間切之内いしやく村,村,"https://maps.app.goo.gl/?q=28.3439714,129.9838012",
point_2,,,28.2832959,129.9478595,荒木間切之内しつる村,村,"https://maps.app.goo.gl/?q=28.2832959,129.9478595",
point_3,,,28.4228207,129.6595576,笠利間切之内喜瀬村,村,"https://maps.app.goo.gl/?q=28.4228207,129.6595576",
point_4,,,28.4450066,129.5743519,笠利間切之内かとく村,村,"https://maps.app.goo.gl/?q=28.4450066,129.5743519",
point_5,,,28.4073679,129.5769356,名瀬間切之内うら村,村,"https://maps.app.goo.gl/?q=28.4073679,129.5769356",
point_6,,,28.400282,129.610219,笠利間切之内かしけん村,村,"https://maps.app.goo.gl/?q=28.400282,129.610219",
point_7,,,28.4980331,129.654397,笠利間切之内やん村,村,"https://maps.app.goo.gl/?q=28.4980331,129.654397",
point_8,,,28.4556298,129.7059838,笠利間切之内うすく村,村,"https://maps.app.goo.gl/?q=28.4556298,129.7059838",
point_9,,,28.4187596,129.6853543,笠利間切之内せつた村,村,"https://maps.app.goo.gl/?q=28.4187596,129.6853543",
point_10,,,28.2901192,129.9215361,あら崎,崎,"https://maps.app.goo.gl/?q=28.2901192,129.9215361",
point_11,,,28.3292196,129.9388753,はいき崎,崎,"https://maps.app.goo.gl/?q=28.3292196,129.9388753",
point_12,,,28.288801,129.977338,かまふ崎,崎,"https://maps.app.goo.gl/?q=28.288801,129.977338",
point_13,,,28.283932,129.9474153,しつる崎,崎,"https://maps.app.goo.gl/?q=28.283932,129.9474153",
point_14,,,28.3662751,129.9989043,をのつ崎,崎,"https://maps.app.goo.gl/?q=28.3662751,129.9989043",
point_15,,,28.3781929,130.019795,とひよ崎,崎,"https://maps.app.goo.gl/?q=28.3781929,130.019795",
point_16,,,28.312544,129.962715,八幡宮,寺社,"https://maps.app.goo.gl/?q=28.312544,129.962715",
point_17,,,28.38268,129.4709144,名瀬間切之内小敷村,村,"https://maps.app.goo.gl/?q=28.38268,129.4709144",
point_18,,,28.3480798,129.4217212,焼内間切之内ゆあんかま村,村,"https://maps.app.goo.gl/?q=28.3480798,129.4217212",
point_19,,,28.3111107,129.3361881,焼内間切之内なをん村,村,"https://maps.app.goo.gl/?q=28.3111107,129.3361881",
point_20,,,28.3039046,129.2349529,焼内間切之内うけん村,村,"https://maps.app.goo.gl/?q=28.3039046,129.2349529",
point_21,,,28.2807399,129.2973412,焼内間切,間切,"https://maps.app.goo.gl/?q=28.2807399,129.2973412",
point_22,,,28.3590278,129.3541389,焼内間切之内けせん村,村,"https://maps.app.goo.gl/?q=28.3590278,129.3541389",
point_23,,,28.2663229,129.2946754,焼内間切之内すこ村,村,"https://maps.app.goo.gl/?q=28.2663229,129.2946754",
point_24,,,28.2025994,129.2868887,西間切之内小名瀬村,村,"https://maps.app.goo.gl/?q=28.2025994,129.2868887",
point_25,,,28.2403655,129.284293,西間切之内こし村,村,"https://maps.app.goo.gl/?q=28.2403655,129.284293",
point_26,,,28.2517624,129.2219622,西間切之内へた村,村,"https://maps.app.goo.gl/?q=28.2517624,129.2219622",
point_27,,,28.2418645,129.1569688,西間切之内西ノ古見村,村,"https://maps.app.goo.gl/?q=28.2418645,129.1569688",
point_28,,,28.1915154,129.2037708,西間切之内芝村,村,"https://maps.app.goo.gl/?q=28.1915154,129.2037708",
point_29,,,28.1535869,129.2115805,西間切之内すこも村,村,"https://maps.app.goo.gl/?q=28.1535869,129.2115805",
point_30,,,28.1535306,129.2276186,西間切之内たけな村,村,"https://maps.app.goo.gl/?q=28.1535306,129.2276186",
point_31,,,28.0963302,129.2739088,西間切之内おさい村,村,"https://maps.app.goo.gl/?q=28.0963302,129.2739088",
point_32,,,28.1091402,129.2868887,西間切之内おしかく村,村,"https://maps.app.goo.gl/?q=28.1091402,129.2868887",
point_33,,,28.1091402,129.2868887,東間切之内かちよく村,村,"https://maps.app.goo.gl/?q=28.1091402,129.2868887",
point_34,,,28.0280357,129.2308399,西間切之内うけ村,村,"https://maps.app.goo.gl/?q=28.0280357,129.2308399",
point_35,,,28.0365857,129.1595698,西間切之内よろ村,村,"https://maps.app.goo.gl/?q=28.0365857,129.1595698",
point_36,,,28.0683673,129.2763698,東間切之内かめの川村,村,"https://maps.app.goo.gl/?q=28.0683673,129.2763698",
point_37,,,28.0851795,129.3284066,東間切之内しよとん村,村,"https://maps.app.goo.gl/?q=28.0851795,129.3284066",
point_38,,,28.1677867,129.3024611,東間切之内くねつ村,村,"https://maps.app.goo.gl/?q=28.1677867,129.3024611",
point_39,,,28.1868716,129.3258125,東間切之内あきな村,村,"https://maps.app.goo.gl/?q=28.1868716,129.3258125",
point_40,,,28.2013918,129.3984056,東間切之内かとく村,村,"https://maps.app.goo.gl/?q=28.2013918,129.3984056",
point_41,,,28.3175572,129.4605625,住用間切之内かねく村,村,"https://maps.app.goo.gl/?q=28.3175572,129.4605625",
point_42,,,28.3619361,129.5666001,古見間切之内とくち村,村,"https://maps.app.goo.gl/?q=28.3619361,129.5666001",
point_43,,,27.7281452,129.0072741,東間切之内かめつ村,村,"https://maps.app.goo.gl/?q=27.7281452,129.0072741",
point_44,,,27.820358,128.9511518,東間切之内花徳村,村,"https://maps.app.goo.gl/?q=27.820358,128.9511518",
point_45,,,27.8802288,128.9198304,西目間切之内てゝ村,村,"https://maps.app.goo.gl/?q=27.8802288,128.9198304",
point_46,,,27.8604602,128.9198304,西目間切之内よなま村,村,"https://maps.app.goo.gl/?q=27.8604602,128.9198304",
point_47,,,27.8117941,128.8979416,西目間切,間切,"https://maps.app.goo.gl/?q=27.8117941,128.8979416",
point_48,,,27.7782985,128.9067753,西目間切之内せたき村,村,"https://maps.app.goo.gl/?q=27.7782985,128.9067753",
point_49,,,27.7120116,128.9276622,面縄間切之内あこん村,村,"https://maps.app.goo.gl/?q=27.7120116,128.9276622",
point_50,,,27.6735195,128.9378668,面縄間切,間切,"https://maps.app.goo.gl/?q=27.6735195,128.9378668",
point_51,,,27.411801,128.6700217,きびる間切,間切,"https://maps.app.goo.gl/?q=27.411801,128.6700217",
point_52,,,27.4039405,128.6333198,きひる間切之内あぜふ村,村,"https://maps.app.goo.gl/?q=27.4039405,128.6333198",
point_53,,,27.3797757,128.5703543,徳時間切之内西目村,村,"https://maps.app.goo.gl/?q=27.3797757,128.5703543",
point_54,,,27.353573,128.5401619,徳時間切,間切,"https://maps.app.goo.gl/?q=27.353573,128.5401619",
point_55,,,27.3350964,128.5664169,徳時間切之内ぢな村,村,"https://maps.app.goo.gl/?q=27.3350964,128.5664169",
point_56,,,27.3605179,128.5913495,大城間切之内下平川村,村,"https://maps.app.goo.gl/?q=27.3605179,128.5913495",
point_57,,,27.3776145,128.6188955,大城間切,間切,"https://maps.app.goo.gl/?q=27.3776145,128.6188955",
point_58,,,27.395595926733545,128.63988101163653,大城間切之内和村,村,"https://maps.app.goo.gl/?q=27.395595926733545,128.63988101163653",
point_59,,,27.0309176,128.4455395,むきや村,村,"https://maps.app.goo.gl/?q=27.0309176,128.4455395",
point_60,,,27.0493098,128.414953,むきや村内あがさ村,村,"https://maps.app.goo.gl/?q=27.0493098,128.414953",
point_61,,,28.3216123,129.9709674,"鬼界嶋
高六千九百三拾弐石四斗
嶋廻六里廿四町",島,"https://maps.app.goo.gl/?q=28.3216123,129.9709674",
point_62,,,28.3240384,129.9369348,わん泊,港湾,"https://maps.app.goo.gl/?q=28.3240384,129.9369348",
point_63,,,28.4211899,129.5977798,ふかいか浦湊,港湾,"https://maps.app.goo.gl/?q=28.4211899,129.5977798",
point_64,,,28.4492274,129.6223079,いまてく崎,崎,"https://maps.app.goo.gl/?q=28.4492274,129.6223079",
point_65,,,28.434327,129.646472,いつとむ崎,崎,"https://maps.app.goo.gl/?q=28.434327,129.646472",
point_66,,,28.468028,129.648093,ひんなふ崎,崎,"https://maps.app.goo.gl/?q=28.468028,129.648093",
point_67,,,28.4718481,129.6493983,立神,その他,"https://maps.app.goo.gl/?q=28.4718481,129.6493983",
point_68,,,28.4417395,129.6675086,つしろ崎,崎,"https://maps.app.goo.gl/?q=28.4417395,129.6675086",
point_69,,,28.471358,129.685412,高嶽,山,"https://maps.app.goo.gl/?q=28.471358,129.685412",
point_70,,,28.499335,129.649966,かまふ崎,崎,"https://maps.app.goo.gl/?q=28.499335,129.649966",
point_71,,,28.5294998,129.6892235,かさり崎,崎,"https://maps.app.goo.gl/?q=28.5294998,129.6892235",
point_72,,,28.758597,129.778270,たいもら,干瀬,"https://maps.app.goo.gl/?q=28.758597,129.778270",
point_73,,,28.546604,129.721584,とのはら,干瀬,"https://maps.app.goo.gl/?q=28.546604,129.721584",
point_74,,,28.531524,129.719353,平瀬,干瀬,"https://maps.app.goo.gl/?q=28.531524,129.719353",
point_75,,,28.507322,129.691975,つい瀬,干瀬,"https://maps.app.goo.gl/?q=28.507322,129.691975",
point_76,,,28.473019,129.7164337,もとぐの崎,崎,"https://maps.app.goo.gl/?q=28.473019,129.7164337",
point_77,,,28.4639364,129.7253306,丸瀬,干瀬,"https://maps.app.goo.gl/?q=28.4639364,129.7253306",
point_78,,,28.427452,129.706495,わの大瀬,干瀬,"https://maps.app.goo.gl/?q=28.427452,129.706495",
point_79,,,28.432159,129.6875555,あまみ嶽,山,"https://maps.app.goo.gl/?q=28.432159,129.6875555",
point_80,,,28.3993024,129.6637016,かめ山の崎,崎,"https://maps.app.goo.gl/?q=28.3993024,129.6637016",
point_81,,,28.4774528,129.6216667,大くろ崎,崎,"https://maps.app.goo.gl/?q=28.4774528,129.6216667",
point_82,,,28.4618104,129.5446668,のりせ崎,崎,"https://maps.app.goo.gl/?q=28.4618104,129.5446668",
point_83,,,28.4451453,129.5233771,ほらん崎,崎,"https://maps.app.goo.gl/?q=28.4451453,129.5233771",
point_84,,,28.4016995,129.4890583,赤崎,崎,"https://maps.app.goo.gl/?q=28.4016995,129.4890583",
point_85,,,28.407908,129.470982,あやう崎,崎,"https://maps.app.goo.gl/?q=28.407908,129.470982",
point_86,,,28.41187,129.4549944,立瀬,干瀬,"https://maps.app.goo.gl/?q=28.41187,129.4549944",
point_87,,,28.385316,129.3952953,都崎,崎,"https://maps.app.goo.gl/?q=28.385316,129.3952953",
point_88,,,28.3361951,129.3776715,大和馬場湊,港湾,"https://maps.app.goo.gl/?q=28.3361951,129.3776715",
point_89,,,28.3590347,129.3541259,黒瀬,干瀬,"https://maps.app.goo.gl/?q=28.3590347,129.3541259",
point_90,,,28.3610631,129.3519234,おりせの崎,崎,"https://maps.app.goo.gl/?q=28.3610631,129.3519234",
point_91,,,28.3678738,129.3481652,通り瀬,干瀬,"https://maps.app.goo.gl/?q=28.3678738,129.3481652",
point_92,,,28.3689229,129.3445322,大崎,崎,"https://maps.app.goo.gl/?q=28.3689229,129.3445322",
point_93,,,28.3497355,129.3113573,あさん崎,崎,"https://maps.app.goo.gl/?q=28.3497355,129.3113573",
point_94,,,28.3314585,129.2878372,より瀬,干瀬,"https://maps.app.goo.gl/?q=28.3314585,129.2878372",
point_95,,,28.332007,129.2740926,宮里立神,その他,"https://maps.app.goo.gl/?q=28.332007,129.2740926",
point_96,,,28.3061867,129.211373,くらき崎,崎,"https://maps.app.goo.gl/?q=28.3061867,129.211373",
point_97,,,28.3270001,129.2658115,けん崎,崎,"https://maps.app.goo.gl/?q=28.3270001,129.2658115",
point_98,,,28.2916973,129.1988063,いたてく嶋,島,"https://maps.app.goo.gl/?q=28.2916973,129.1988063",
point_99,,,28.3054368,129.1855812,とぐら崎,崎,"https://maps.app.goo.gl/?q=28.3054368,129.1855812",
point_100,,,28.286792,129.1919584,大ひせの崎,崎,"https://maps.app.goo.gl/?q=28.286792,129.1919584",
point_101,,,28.2848007,129.2205807,赤崎,崎,"https://maps.app.goo.gl/?q=28.2848007,129.2205807",
point_102,,,28.2949428,129.217361,小嶋,その他,"https://maps.app.goo.gl/?q=28.2949428,129.217361",
point_103,,,28.2757994,129.279128,こほれん崎,崎,"https://maps.app.goo.gl/?q=28.2757994,129.279128",
point_104,,,28.2649291,129.2552956,おり崎,崎,"https://maps.app.goo.gl/?q=28.2649291,129.2552956",
point_105,,,28.266926,129.2431216,白田崎,崎,"https://maps.app.goo.gl/?q=28.266926,129.2431216",
point_106,,,28.2692137,129.2141101,大だへん崎,崎,"https://maps.app.goo.gl/?q=28.2692137,129.2141101",
point_107,,,28.261969,129.1991499,宮崎,崎,"https://maps.app.goo.gl/?q=28.261969,129.1991499",
point_108,,,28.2698368,129.181532,やとん崎,崎,"https://maps.app.goo.gl/?q=28.2698368,129.181532",
point_109,,,28.254108,129.134148,とのはら,その他,"https://maps.app.goo.gl/?q=28.254108,129.134148",
point_110,,,28.2510564,129.1476098,そつかうのおかみ,その他,"https://maps.app.goo.gl/?q=28.2510564,129.1476098",
point_111,,,28.2382311,129.1563387,ゑらふ瀬,干瀬,"https://maps.app.goo.gl/?q=28.2382311,129.1563387",
point_112,,,28.228794,129.1625479,奥立神,その他,"https://maps.app.goo.gl/?q=28.228794,129.1625479",
point_113,,,28.2282331,129.1736158,通り瀬,干瀬,"https://maps.app.goo.gl/?q=28.2282331,129.1736158",
point_114,,,28.2049967,129.1508582,赤瀬,干瀬,"https://maps.app.goo.gl/?q=28.2049967,129.1508582",
point_115,,,28.2255721,129.1872403,ゑたな,その他,"https://maps.app.goo.gl/?q=28.2255721,129.1872403",
point_116,,,28.2286891,129.194498,通り瀬,干瀬,"https://maps.app.goo.gl/?q=28.2286891,129.194498",
point_117,,,28.2207737,129.2114463,玉のうら崎,崎,"https://maps.app.goo.gl/?q=28.2207737,129.2114463",
point_118,,,28.220865,129.2286854,一ツ玉,その他,"https://maps.app.goo.gl/?q=28.220865,129.2286854",
point_119,,,28.2075948,129.253447,あふねの崎,崎,"https://maps.app.goo.gl/?q=28.2075948,129.253447",
point_120,,,28.2280101,129.2641474,長ひちや,その他,"https://maps.app.goo.gl/?q=28.2280101,129.2641474",
point_121,,,28.2303848,129.2697372,長崎,崎,"https://maps.app.goo.gl/?q=28.2303848,129.2697372",
point_122,,,28.2169185,129.2661437,さかい崎,崎,"https://maps.app.goo.gl/?q=28.2169185,129.2661437",
point_123,,,28.2218604,129.2915732,しよんま崎,崎,"https://maps.app.goo.gl/?q=28.2218604,129.2915732",
point_124,,,28.2167373,129.2864406,宮田崎,崎,"https://maps.app.goo.gl/?q=28.2167373,129.2864406",
point_125,,,28.1842622,129.2635209,つはく崎,崎,"https://maps.app.goo.gl/?q=28.1842622,129.2635209",
point_126,,,28.1831287,129.2739289,あだんけ崎,崎,"https://maps.app.goo.gl/?q=28.1831287,129.2739289",
point_127,,,28.1892498,129.2852571,なん崎,崎,"https://maps.app.goo.gl/?q=28.1892498,129.2852571",
point_128,,,28.1782971,129.2830391,ゆい崎,崎,"https://maps.app.goo.gl/?q=28.1782971,129.2830391",
point_129,,,28.1741838,129.2791929,ゆい小嶋,その他,"https://maps.app.goo.gl/?q=28.1741838,129.2791929",
point_130,,,28.1677202,129.2878497,つふから崎,崎,"https://maps.app.goo.gl/?q=28.1677202,129.2878497",
point_131,,,28.1657667,129.2848518,長崎,崎,"https://maps.app.goo.gl/?q=28.1657667,129.2848518",
point_132,,,28.1539659,129.2927008,まちやみ崎,崎,"https://maps.app.goo.gl/?q=28.1539659,129.2927008",
point_133,,,28.149419,129.2962396,しよんま崎,崎,"https://maps.app.goo.gl/?q=28.149419,129.2962396",
point_134,,,28.1677024,129.3155515,おかみ山,山,"https://maps.app.goo.gl/?q=28.1677024,129.3155515",
point_135,,,28.1344582,129.3229417,御神瀬,干瀬,"https://maps.app.goo.gl/?q=28.1344582,129.3229417",
point_136,,,28.1316364,129.3356373,みんせのはな,その他,"https://maps.app.goo.gl/?q=28.1316364,129.3356373",
point_137,,,28.1320119,129.3485902,崎山崎,崎,"https://maps.app.goo.gl/?q=28.1320119,129.3485902",
point_138,,,28.112177,129.3667513,一ツ玉,その他,"https://maps.app.goo.gl/?q=28.112177,129.3667513",
point_139,,,28.1054767,129.3613237,はい瀬,干瀬,"https://maps.app.goo.gl/?q=28.1054767,129.3613237",
point_140,,,28.1134156,129.3810937,ねくれ,その他,"https://maps.app.goo.gl/?q=28.1134156,129.3810937",
point_141,,,28.1522976,129.3661515,白瀬,干瀬,"https://maps.app.goo.gl/?q=28.1522976,129.3661515",
point_142,,,28.1704874,129.3603971,平瀬崎,崎,"https://maps.app.goo.gl/?q=28.1704874,129.3603971",
point_143,,,28.164436,129.3757087,せとの崎,崎,"https://maps.app.goo.gl/?q=28.164436,129.3757087",
point_144,,,28.1548604,129.4012721,二まい瀬,干瀬,"https://maps.app.goo.gl/?q=28.1548604,129.4012721",
point_145,,,28.1553443,129.4000718,満崎,崎,"https://maps.app.goo.gl/?q=28.1553443,129.4000718",
point_146,,,28.183918,129.4053176,二ツ瀬,干瀬,"https://maps.app.goo.gl/?q=28.183918,129.4053176",
point_147,,,28.187649,129.4330999,立神,その他,"https://maps.app.goo.gl/?q=28.187649,129.4330999",
point_148,,,28.3095643,129.5123101,くろ瀬,干瀬,"https://maps.app.goo.gl/?q=28.3095643,129.5123101",
point_149,,,28.3125714,129.5437677,中ひせ,干瀬,"https://maps.app.goo.gl/?q=28.3125714,129.5437677",
point_150,,,28.3095643,129.5123101,赤立神,その他,"https://maps.app.goo.gl/?q=28.3095643,129.5123101",
point_151,,,28.3043376,129.5425308,三ツ瀬,干瀬,"https://maps.app.goo.gl/?q=28.3043376,129.5425308",
point_152,,,28.189979,129.1630761,われ瀬,干瀬,"https://maps.app.goo.gl/?q=28.189979,129.1630761",
point_153,,,28.1956116,129.1688066,ゑにや,その他,"https://maps.app.goo.gl/?q=28.1956116,129.1688066",
point_154,,,28.2045462,129.209873,立神,その他,"https://maps.app.goo.gl/?q=28.2045462,129.209873",
point_155,,,28.1992077,129.2092644,赤崎,崎,"https://maps.app.goo.gl/?q=28.1992077,129.2092644",
point_156,,,28.1971362,129.2311112,いなかさ崎,崎,"https://maps.app.goo.gl/?q=28.1971362,129.2311112",
point_157,,,28.1868211,129.2408575,すけもくの崎,崎,"https://maps.app.goo.gl/?q=28.1868211,129.2408575",
point_158,,,28.1657112,129.2222481,きさき崎,崎,"https://maps.app.goo.gl/?q=28.1657112,129.2222481",
point_159,,,28.158005,129.273976,赤崎,崎,"https://maps.app.goo.gl/?q=28.158005,129.273976",
point_160,,,28.158005,129.273976,通り瀬,干瀬,"https://maps.app.goo.gl/?q=28.158005,129.273976",
point_161,,,28.158005,129.273976,大そね,その他,"https://maps.app.goo.gl/?q=28.158005,129.273976",
point_162,,,28.149972,129.277333,ひら小嶋,その他,"https://maps.app.goo.gl/?q=28.149972,129.277333",
point_163,,,28.1319722,129.2491667,あさまちや之崎,崎,"https://maps.app.goo.gl/?q=28.1319722,129.2491667",
point_164,,,28.1167565,129.242746,大嶋之内　かけろま嶋、嶋廻り拾五里,島,"https://maps.app.goo.gl/?q=28.1167565,129.242746",
point_165,,,28.1238333,129.2735556,竹崎,崎,"https://maps.app.goo.gl/?q=28.1238333,129.2735556",
point_166,,,28.1247778,129.2875556,しらき崎,崎,"https://maps.app.goo.gl/?q=28.1247778,129.2875556",
point_167,,,28.1048056,129.3544167,みんせ,干瀬,"https://maps.app.goo.gl/?q=28.1048056,129.3544167",
point_168,,,28.0971667,129.3598611,くせ,干瀬,"https://maps.app.goo.gl/?q=28.0971667,129.3598611",
point_169,,,28.095,129.3482778,かめ瀬,干瀬,"https://maps.app.goo.gl/?q=28.095,129.3482778",
point_170,,,28.0899167,129.3454722,平瀬,干瀬,"https://maps.app.goo.gl/?q=28.0899167,129.3454722",
point_171,,,28.07625,129.3406667,大立神,その他,"https://maps.app.goo.gl/?q=28.07625,129.3406667",
point_172,,,28.0621389,129.3181944,二ツ瀬,干瀬,"https://maps.app.goo.gl/?q=28.0621389,129.3181944",
point_173,,,28.0686111,129.3213611,長浜,その他,"https://maps.app.goo.gl/?q=28.0686111,129.3213611",
point_174,,,28.0857778,129.2903889,かまひせ,干瀬,"https://maps.app.goo.gl/?q=28.0857778,129.2903889",
point_175,,,28.085924,129.21231,すりかふ瀬,干瀬,"https://maps.app.goo.gl/?q=28.085924,129.21231",
point_176,,,28.1606097,129.1848649,立神,その他,"https://maps.app.goo.gl/?q=28.1606097,129.1848649",
point_177,,,28.1191215,129.1670465,すこもはなれ,島,"https://maps.app.goo.gl/?q=28.1191215,129.1670465",
point_178,,,28.120218,129.159308,こは尻,その他,"https://maps.app.goo.gl/?q=28.120218,129.159308",
point_179,,,28.0246255,129.2531353,大嶋之内,島,"https://maps.app.goo.gl/?q=28.0246255,129.2531353",
point_180,,,28.0533351,129.2150045,くしら瀬,干瀬,"https://maps.app.goo.gl/?q=28.0533351,129.2150045",
point_181,,,28.0355165,129.2331926,遠干潟,干瀬,"https://maps.app.goo.gl/?q=28.0355165,129.2331926",
point_182,,,28.0507362,129.2513483,たんせ,干瀬,"https://maps.app.goo.gl/?q=28.0507362,129.2513483",
point_183,,,28.0362135,129.2647782,くしらまの崎,崎,"https://maps.app.goo.gl/?q=28.0362135,129.2647782",
point_184,,,28.0225133,129.275016,かいま,島,"https://maps.app.goo.gl/?q=28.0225133,129.275016",
point_185,,,28.0082893,129.2684225,鳥瀬,干瀬,"https://maps.app.goo.gl/?q=28.0082893,129.2684225",
point_186,,,28.003203,129.255130,ちやなれのくわ,その他,"https://maps.app.goo.gl/?q=28.003203,129.255130",
point_187,,,28.0056969,129.2545089,くらせのはな,その他,"https://maps.app.goo.gl/?q=28.0056969,129.2545089",
point_188,,,28.0142585,129.2371877,たにま,その他,"https://maps.app.goo.gl/?q=28.0142585,129.2371877",
point_189,,,28.0234942,129.2139252,やんま崎,崎,"https://maps.app.goo.gl/?q=28.0234942,129.2139252",
point_190,,,28.0365881,129.1595703,"大嶋之内
よろノ嶋、嶋廻三里廿町",島,"https://maps.app.goo.gl/?q=28.0365881,129.1595703",
point_191,,,28.0298375,129.1590682,このみね,その他,"https://maps.app.goo.gl/?q=28.0298375,129.1590682",
point_192,,,28.0683294,129.171493,大瀬,干瀬,"https://maps.app.goo.gl/?q=28.0683294,129.171493",
point_193,,,28.0584373,129.1759185,立瀬　,干瀬,"https://maps.app.goo.gl/?q=28.0584373,129.1759185",
point_194,,,28.0491515,129.1775864,しよひやの崎,崎,"https://maps.app.goo.gl/?q=28.0491515,129.1775864",
point_195,,,28.0158133,129.1594657,うす瀬,干瀬,"https://maps.app.goo.gl/?q=28.0158133,129.1594657",
point_196,,,28.012937,129.1466962,立神,その他,"https://maps.app.goo.gl/?q=28.012937,129.1466962",
point_197,,,28.0102079,129.1440595,小平瀬,干瀬,"https://maps.app.goo.gl/?q=28.0102079,129.1440595",
point_198,,,28.0267796,129.1433624,一ツ瀬,干瀬,"https://maps.app.goo.gl/?q=28.0267796,129.1433624",
point_199,,,28.042233,129.1494035,ぬり瀬,干瀬,"https://maps.app.goo.gl/?q=28.042233,129.1494035",
point_200,,,28.0490278,129.1494001,かかみ崎,崎,"https://maps.app.goo.gl/?q=28.0490278,129.1494001",
point_201,,,27.7904264,128.9668067,"徳之嶋
高壱万九石七斗
嶋廻十七里三町",島,"https://maps.app.goo.gl/?q=27.7904264,128.9668067",
point_202,,,27.8604602,128.9198304,さきはる,崎,"https://maps.app.goo.gl/?q=27.8604602,128.9198304",
point_203,,,27.8902185,128.9666605,かなみ崎,崎,"https://maps.app.goo.gl/?q=27.8902185,128.9666605",
point_204,,,27.9235958,128.9927973,とのはら,その他,"https://maps.app.goo.gl/?q=27.9235958,128.9927973",
point_205,,,27.872231,128.975076,しよひやの崎,崎,"https://maps.app.goo.gl/?q=27.872231,128.975076",
point_206,,,27.820358,128.9511518,かなま崎,崎,"https://maps.app.goo.gl/?q=27.820358,128.9511518",
point_207,,,27.831927,128.972855,黒はす崎,崎,"https://maps.app.goo.gl/?q=27.831927,128.972855",
point_208,,,27.8043077,128.995961,おつの崎,崎,"https://maps.app.goo.gl/?q=27.8043077,128.995961",
point_209,,,27.7792937,129.0148106,井ノ川,港湾,"https://maps.app.goo.gl/?q=27.7792937,129.0148106",
point_210,,,27.7739086,129.0335373,井ノ川崎,崎,"https://maps.app.goo.gl/?q=27.7739086,129.0335373",
point_211,,,27.7436634,129.0226681,秋徳,港湾,"https://maps.app.goo.gl/?q=27.7436634,129.0226681",
point_212,,,27.7364329,129.0210457,たつ口,その他,"https://maps.app.goo.gl/?q=27.7364329,129.0210457",
point_213,,,27.7184525,129.0188829,かくちな崎,崎,"https://maps.app.goo.gl/?q=27.7184525,129.0188829",
point_214,,,27.6993417,129.0055548,くらひの崎,崎,"https://maps.app.goo.gl/?q=27.6993417,129.0055548",
point_215,,,27.6954404,128.9328828,廉川,川,"https://maps.app.goo.gl/?q=27.6954404,128.9328828",
point_216,,,27.7064959,128.9136478,あこん川,川,"https://maps.app.goo.gl/?q=27.7064959,128.9136478",
point_217,,,27.7232511,128.8815811,犬たぶ崎,崎,"https://maps.app.goo.gl/?q=27.7232511,128.8815811",
point_218,,,27.764527,128.940713,あきり神川,川,"https://maps.app.goo.gl/?q=27.764527,128.940713",
point_219,,,27.787430,128.889808,天摩崎,崎,"https://maps.app.goo.gl/?q=27.787430,128.889808",
point_220,,,27.8110424,128.8956764,へとの川,川,"https://maps.app.goo.gl/?q=27.8110424,128.8956764",
point_221,,,27.8329601,128.8911057,和にや泊,港湾,"https://maps.app.goo.gl/?q=27.8329601,128.8911057",
point_222,,,27.3662187,128.6005328,"永良部嶋
高四千百五拾八石五斗
嶋廻拾里十八町",島,"https://maps.app.goo.gl/?q=27.3662187,128.6005328",
point_223,,,27.411801,128.6700217,きひる浜,その他,"https://maps.app.goo.gl/?q=27.411801,128.6700217",
point_224,,,27.4040423,128.5376787,やぎにや崎,崎,"https://maps.app.goo.gl/?q=27.4040423,128.5376787",
point_225,,,27.4340391,128.7135806,国頭崎,崎,"https://maps.app.goo.gl/?q=27.4340391,128.7135806",
point_226,,,27.4129254,128.6438081,和泊,港湾,"https://maps.app.goo.gl/?q=27.4129254,128.6438081",
point_227,,,27.3402184,128.5506652,おかみ山,山,"https://maps.app.goo.gl/?q=27.3402184,128.5506652",
point_228,,,27.3402184,128.5506652,池,その他,"https://maps.app.goo.gl/?q=27.3402184,128.5506652",
point_229,,,27.042604,128.432407,"与論嶋
高千弐百七拾弐石六斗
嶋廻三里五町",島,"https://maps.app.goo.gl/?q=27.042604,128.432407",
point_230,,,27.0591907,128.4350372,めなさ,その他,"https://maps.app.goo.gl/?q=27.0591907,128.4350372",
point_231,,,27.0443704,128.4546188,地はなれ,その他,"https://maps.app.goo.gl/?q=27.0443704,128.4546188",
point_232,,,27.024395,128.457014,赤崎,崎,"https://maps.app.goo.gl/?q=27.024395,128.457014",
point_233,,,27.049799,128.402182,かね崎,崎,"https://maps.app.goo.gl/?q=27.049799,128.402182",
point_234,,,27.0504243,128.4030181,あがさ泊,港湾,"https://maps.app.goo.gl/?q=27.0504243,128.4030181",
point_235,,,26.2171335,127.7194486,"首里
王城",都市,"https://maps.app.goo.gl/?q=26.2171335,127.7194486",
point_236,,,26.1980955,127.6985129,南風原間切,間切,"https://maps.app.goo.gl/?q=26.1980955,127.6985129",
point_237,,,26.1744432,127.771594,佐敷間切,間切,"https://maps.app.goo.gl/?q=26.1744432,127.771594",
point_238,,,26.1630995,127.8167329,知念間切,間切,"https://maps.app.goo.gl/?q=26.1630995,127.8167329",
point_239,,,26.1442917,127.771594,玉城間切,間切,"https://maps.app.goo.gl/?q=26.1442917,127.771594",
point_240,,,26.176111,127.7225,東風平間切,間切,"https://maps.app.goo.gl/?q=26.176111,127.7225",
point_241,,,26.1236704,127.6657634,嶋尻大里間切,間切,"https://maps.app.goo.gl/?q=26.1236704,127.6657634",
point_242,,,26.1236704,127.6657634,真加比間切,間切,"https://maps.app.goo.gl/?q=26.1236704,127.6657634",
point_243,,,26.1236704,127.6657634,摩文仁間切,間切,"https://maps.app.goo.gl/?q=26.1236704,127.6657634",
point_244,,,26.1236704,127.6657634,喜屋武間切,間切,"https://maps.app.goo.gl/?q=26.1236704,127.6657634",
point_245,,,26.1236704,127.6657634,兼城間切,間切,"https://maps.app.goo.gl/?q=26.1236704,127.6657634",
point_246,,,26.1610648,127.6689865,豊見城間切,間切,"https://maps.app.goo.gl/?q=26.1610648,127.6689865",
point_247,,,26.2483209,127.6925302,真和志間切,間切,"https://maps.app.goo.gl/?q=26.2483209,127.6925302",
point_248,,,26.2815391,127.7785065,浦添間切,間切,"https://maps.app.goo.gl/?q=26.2815391,127.7785065",
point_249,,,26.2228349,127.7588392,西原間切,間切,"https://maps.app.goo.gl/?q=26.2228349,127.7588392",
point_250,,,26.2671905,127.7910006,中城間切,間切,"https://maps.app.goo.gl/?q=26.2671905,127.7910006",
point_251,,,26.3616176,127.7549744,北谷間切,間切,"https://maps.app.goo.gl/?q=26.3616176,127.7549744",
point_252,,,26.3786847,127.8574931,具志川間切,間切,"https://maps.app.goo.gl/?q=26.3786847,127.8574931",
point_253,,,26.3305246,127.8789737,勝連間切,間切,"https://maps.app.goo.gl/?q=26.3305246,127.8789737",
point_254,,,26.3343533,127.8056058,越来間切,間切,"https://maps.app.goo.gl/?q=26.3343533,127.8056058",
point_255,,,26.3960774,127.7444117,読谷山間切,間切,"https://maps.app.goo.gl/?q=26.3960774,127.7444117",
point_256,,,26.4561898,127.9259867,金武間切,間切,"https://maps.app.goo.gl/?q=26.4561898,127.9259867",
point_257,,,26.4896498,127.8565368,金武間切之内おんな村,村,"https://maps.app.goo.gl/?q=26.4896498,127.8565368",
point_258,,,26.510235,127.9837545,金武間切之内こちや村,村,"https://maps.app.goo.gl/?q=26.510235,127.9837545",
point_259,,,26.5301944,127.9599192,名護間切之内幸喜村,村,"https://maps.app.goo.gl/?q=26.5301944,127.9599192",
point_260,,,26.5915575,127.9775272,名護間切,間切,"https://maps.app.goo.gl/?q=26.5915575,127.9775272",
point_261,,,26.568845,128.0446292,名護間切之内おほら村,村,"https://maps.app.goo.gl/?q=26.568845,128.0446292",
point_262,,,26.6574063,128.1846982,名護間切之内川田村,村,"https://maps.app.goo.gl/?q=26.6574063,128.1846982",
point_263,,,26.6451498,127.8644948,今帰仁間切之内,島,"https://maps.app.goo.gl/?q=26.6451498,127.8644948",
point_264,,,26.7072982,128.0181686,今帰仁間切之内,島,"https://maps.app.goo.gl/?q=26.7072982,128.0181686",
point_265,,,26.6705839,128.015522,羽地間切之内やが村、人居有,村,"https://maps.app.goo.gl/?q=26.6705839,128.015522",
point_266,,,26.5915575,127.9775272,羽地間切,間切,"https://maps.app.goo.gl/?q=26.5915575,127.9775272",
point_267,,,26.6557041,128.118664,国頭間切之内とのきや村,村,"https://maps.app.goo.gl/?q=26.6557041,128.118664",
point_268,,,26.7456488,128.1779451,国頭間切,間切,"https://maps.app.goo.gl/?q=26.7456488,128.1779451",
point_269,,,26.7173286,128.2638539,国頭間切之内あは村,村,"https://maps.app.goo.gl/?q=26.7173286,128.2638539",
point_270,,,26.7772887,128.240117,国頭間切之内さて村,村,"https://maps.app.goo.gl/?q=26.7772887,128.240117",
point_271,,,26.7505893,128.2849463,国頭間切之内あだ村,村,"https://maps.app.goo.gl/?q=26.7505893,128.2849463",
point_272,,,26.8271449,128.2796738,国頭間切之内おく村,村,"https://maps.app.goo.gl/?q=26.8271449,128.2796738",
point_273,,,26.8587894,128.2664908,国頭間切之内へと村,村,"https://maps.app.goo.gl/?q=26.8587894,128.2664908",
point_274,,,27.050872,127.9837545,"恵平屋嶋
五百四拾壱石余
嶋廻四里廿六町",島,"https://maps.app.goo.gl/?q=27.050872,127.9837545",
point_275,,,26.9341601,127.9413748,"伊是那嶋
七百五拾石余
嶋廻弐里拾八町",島,"https://maps.app.goo.gl/?q=26.9341601,127.9413748",
point_276,,,26.7135406,127.807032,"伊恵島
嶋廻四里七町
三千六百四拾三石余",島,"https://maps.app.goo.gl/?q=26.7135406,127.807032",
point_277,,,26.1926087,127.3569171,"計羅摩嶋
嶋廻三里
弐百三石",島,"https://maps.app.goo.gl/?q=26.1926087,127.3569171",
point_278,,,26.233338,127.3052262,座間味嶋,島,"https://maps.app.goo.gl/?q=26.233338,127.3052262",
point_279,,,26.2010396,127.2784835,赤嶋,島,"https://maps.app.goo.gl/?q=26.2010396,127.2784835",
point_280,,,26.362571,127.1446201,"戸無嶋
四拾五石一斗
嶋廻壱里六町",島,"https://maps.app.goo.gl/?q=26.362571,127.1446201",
point_281,,,26.5890557,127.2383506,"粟嶋
七百廿七石四斗
嶋廻弐里拾弐町",島,"https://maps.app.goo.gl/?q=26.5890557,127.2383506",
point_282,,,26.3786847,127.8574931,具志川間切,間切,"https://maps.app.goo.gl/?q=26.3786847,127.8574931",
point_283,,,24.8691441,125.2958607,中城間切之内嶋尻村,村,"https://maps.app.goo.gl/?q=24.8691441,125.2958607",
point_284,,,27.8722757,128.2295645,鳥嶋,島,"https://maps.app.goo.gl/?q=27.8722757,128.2295645",
point_285,,,27.092854,128.021895,かな崎,崎,"https://maps.app.goo.gl/?q=27.092854,128.021895",
point_286,,,27.0384936,127.9686378,恵平屋嶋ゟ具志川嶋間、壱里,その他,"https://maps.app.goo.gl/?q=27.0384936,127.9686378",
point_287,,,26.9952591,127.920554,のほ嶋,島,"https://maps.app.goo.gl/?q=26.9952591,127.920554",
point_288,,,26.975864,127.9499853,具志川嶋,島,"https://maps.app.goo.gl/?q=26.975864,127.9499853",
point_289,,,26.8982796,127.9241506,やなは嶋,島,"https://maps.app.goo.gl/?q=26.8982796,127.9241506",
point_290,,,26.8721096,128.2647157,へと崎,崎,"https://maps.app.goo.gl/?q=26.8721096,128.2647157",
point_291,,,26.721202,128.303326,かつせの崎,崎,"https://maps.app.goo.gl/?q=26.721202,128.303326",
point_292,,,26.7457675,128.1531653,赤丸崎,崎,"https://maps.app.goo.gl/?q=26.7457675,128.1531653",
point_293,,,26.6677779,128.1021454,いな城嶋,島,"https://maps.app.goo.gl/?q=26.6677779,128.1021454",
point_294,,,26.6393269,128.0333847,あぶ嶋,島,"https://maps.app.goo.gl/?q=26.6393269,128.0333847",
point_295,,,26.598456,128.150242,げさす崎,崎,"https://maps.app.goo.gl/?q=26.598456,128.150242",
point_296,,,26.5685429,128.1501534,てぎな崎,崎,"https://maps.app.goo.gl/?q=26.5685429,128.1501534",
point_297,,,26.5541138,128.1385898,ばり崎,崎,"https://maps.app.goo.gl/?q=26.5541138,128.1385898",
point_298,,,26.538983,128.101506,ぎみ崎,崎,"https://maps.app.goo.gl/?q=26.538983,128.101506",
point_299,,,26.5209587,128.0526029,へのき崎,崎,"https://maps.app.goo.gl/?q=26.5209587,128.0526029",
point_300,,,26.5448867,127.9333031,きせ崎,崎,"https://maps.app.goo.gl/?q=26.5448867,127.9333031",
point_301,,,26.6479059,127.8173964,水な嶋,島,"https://maps.app.goo.gl/?q=26.6479059,127.8173964",
point_302,,,26.6590186,127.8894545,によは入江,港湾,"https://maps.app.goo.gl/?q=26.6590186,127.8894545",
point_303,,,26.6620919,127.9002212,遠干潟,干瀬,"https://maps.app.goo.gl/?q=26.6620919,127.9002212",
point_304,,,26.711975,127.876916,びし崎,崎,"https://maps.app.goo.gl/?q=26.711975,127.876916",
point_305,,,26.6778142,127.9969266,運天湊,港湾,"https://maps.app.goo.gl/?q=26.6778142,127.9969266",
point_306,,,26.6705839,128.015522,やが嶋,島,"https://maps.app.goo.gl/?q=26.6705839,128.015522",
point_307,,,26.475380,127.990685,ぎのさ崎,崎,"https://maps.app.goo.gl/?q=26.475380,127.990685",
point_308,,,26.4400167,127.9488949,きん崎,崎,"https://maps.app.goo.gl/?q=26.4400167,127.9488949",
point_309,,,26.504552,127.845431,おんな崎,崎,"https://maps.app.goo.gl/?q=26.504552,127.845431",
point_310,,,26.445481,127.771342,前田崎,崎,"https://maps.app.goo.gl/?q=26.445481,127.771342",
point_311,,,26.4414306,127.7137645,おにし崎,崎,"https://maps.app.goo.gl/?q=26.4414306,127.7137645",
point_312,,,26.362301,127.7402355,大湾入江,港湾,"https://maps.app.goo.gl/?q=26.362301,127.7402355",
point_313,,,26.295621,127.920849,勝連崎,崎,"https://maps.app.goo.gl/?q=26.295621,127.920849",
point_314,,,26.319459,127.9241506,やふつ嶋,島,"https://maps.app.goo.gl/?q=26.319459,127.9241506",
point_315,,,26.342154,127.9587111,平安座嶋,島,"https://maps.app.goo.gl/?q=26.342154,127.9587111",
point_316,,,26.3699159,127.9837545,宮城嶋,島,"https://maps.app.goo.gl/?q=26.3699159,127.9837545",
point_317,,,26.393366,127.9969928,いけ嶋,島,"https://maps.app.goo.gl/?q=26.393366,127.9969928",
point_318,,,26.3213245,127.9585947,ばま嶋,島,"https://maps.app.goo.gl/?q=26.3213245,127.9585947",
point_319,,,26.2518375,127.9400504,つけん嶋,島,"https://maps.app.goo.gl/?q=26.2518375,127.9400504",
point_320,,,26.263965,127.947389,あふ嶋,島,"https://maps.app.goo.gl/?q=26.263965,127.947389",
point_321,,,26.3188891,127.8326572,あせ嶋,島,"https://maps.app.goo.gl/?q=26.3188891,127.8326572",
point_322,,,26.304178,127.824709,あふ嶋,島,"https://maps.app.goo.gl/?q=26.304178,127.824709",
point_323,,,26.1611856,127.8923406,久高嶋,島,"https://maps.app.goo.gl/?q=26.1611856,127.8923406",
point_324,,,26.1495348,127.8500428,こまかせ,干瀬,"https://maps.app.goo.gl/?q=26.1495348,127.8500428",
point_325,,,26.1482912,127.8220332,二俣瀬,干瀬,"https://maps.app.goo.gl/?q=26.1482912,127.8220332",
point_326,,,26.1454551,127.8092671,あときせ,干瀬,"https://maps.app.goo.gl/?q=26.1454551,127.8092671",
point_327,,,26.129609,127.773538,あふ嶋,島,"https://maps.app.goo.gl/?q=26.129609,127.773538",
point_328,,,26.078864,127.668974,きやむ崎,崎,"https://maps.app.goo.gl/?q=26.078864,127.668974",
point_329,,,26.1088573,127.6587844,あいけな嶋,島,"https://maps.app.goo.gl/?q=26.1088573,127.6587844",
point_330,,,26.162850,127.659651,づゝ嶋,島,"https://maps.app.goo.gl/?q=26.162850,127.659651",
point_331,,,26.1748987,127.6422368,せなか嶋,島,"https://maps.app.goo.gl/?q=26.1748987,127.6422368",
point_332,,,26.214440,127.650538,崎はる崎,崎,"https://maps.app.goo.gl/?q=26.214440,127.650538",
point_333,,,26.2107757,127.6701733,那覇湊,港湾,"https://maps.app.goo.gl/?q=26.2107757,127.6701733",
point_334,,,26.2203637,127.6712072,波上権現,寺社,"https://maps.app.goo.gl/?q=26.2203637,127.6712072",
point_335,,,26.2541464,127.6878766,小湾小川,港湾,"https://maps.app.goo.gl/?q=26.2541464,127.6878766",
point_336,,,26.2649583,127.728419,まひ湊入江,港湾,"https://maps.app.goo.gl/?q=26.2649583,127.728419",
point_337,,,26.2622016,127.5824222,けい嶋,島,"https://maps.app.goo.gl/?q=26.2622016,127.5824222",
point_338,,,26.2664624,127.5437486,大いふ嶋,島,"https://maps.app.goo.gl/?q=26.2664624,127.5437486",
point_339,,,26.2140161,127.4481295,前けらま嶋,島,"https://maps.app.goo.gl/?q=26.2140161,127.4481295",
point_340,,,26.2517472,127.4047547,黒嶋,島,"https://maps.app.goo.gl/?q=26.2517472,127.4047547",
point_341,,,26.2048303,127.3119103,安室嶋,島,"https://maps.app.goo.gl/?q=26.2048303,127.3119103",
point_342,,,26.2153377,127.2948646,あけなそこ,島,"https://maps.app.goo.gl/?q=26.2153377,127.2948646",
point_343,,,26.2183772,127.2858387,かび嶋,島,"https://maps.app.goo.gl/?q=26.2183772,127.2858387",
point_344,,,26.1826726,127.2891818,げるま嶋,島,"https://maps.app.goo.gl/?q=26.1826726,127.2891818",
point_345,,,26.1675842,127.2931932,もからく嶋,島,"https://maps.app.goo.gl/?q=26.1675842,127.2931932",
point_346,,,26.1718829,127.2370125,こば嶋,島,"https://maps.app.goo.gl/?q=26.1718829,127.2370125",
point_347,,,26.2149059,127.245041,やかひ嶋,島,"https://maps.app.goo.gl/?q=26.2149059,127.245041",
point_348,,,26.357689,126.930285,おかみ崎,崎,"https://maps.app.goo.gl/?q=26.357689,126.930285",
point_349,,,26.3416888,126.8395616,おは嶋,島,"https://maps.app.goo.gl/?q=26.3416888,126.8395616",
point_350,,,26.3395072,126.8290646,あふ嶋,島,"https://maps.app.goo.gl/?q=26.3395072,126.8290646",
point_351,,,26.3510624,126.8248115,まちや入江,港湾,"https://maps.app.goo.gl/?q=26.3510624,126.8248115",
point_352,,,26.3503959,126.7711774,"久米嶋
高三千六百七拾七石七斗
嶋廻六里廿町",島,"https://maps.app.goo.gl/?q=26.3503959,126.7711774",
point_353,,,26.5948295,126.8314022,久米鳥嶋,島,"https://maps.app.goo.gl/?q=26.5948295,126.8314022",
point_354,,,26.346564,126.741663,西目崎,崎,"https://maps.app.goo.gl/?q=26.346564,126.741663",
point_355,,,26.339995,126.7554378,兼城湊,港湾,"https://maps.app.goo.gl/?q=26.339995,126.7554378",
point_356,,,26.293410,126.810860,嶋尻崎,崎,"https://maps.app.goo.gl/?q=26.293410,126.810860",
point_357,,,26.384761,127.1024015,てそな嶋,島,"https://maps.app.goo.gl/?q=26.384761,127.1024015",
point_358,,,26.211528,127.663639,nan,図示,"https://maps.app.goo.gl/?q=26.211528,127.663639",
point_359,,,26.2138092,127.6651184,nan,図示,"https://maps.app.goo.gl/?q=26.2138092,127.6651184",
point_360,,,26.208303,127.671390,nan,図示,"https://maps.app.goo.gl/?q=26.208303,127.671390",
point_361,,,26.189237,127.685121,nan,図示,"https://maps.app.goo.gl/?q=26.189237,127.685121",
point_362,,,26.229076,127.682057,nan,図示,"https://maps.app.goo.gl/?q=26.229076,127.682057",
point_363,,,26.226030,127.685465,nan,図示,"https://maps.app.goo.gl/?q=26.226030,127.685465",
point_364,,,26.227757,127.682768,nan,図示,"https://maps.app.goo.gl/?q=26.227757,127.682768",
point_365,,,24.3192399,123.7503921,入表間切之内なるや村,村,"https://maps.app.goo.gl/?q=24.3192399,123.7503921",
point_366,,,24.3691646,123.8913539,こみ間切之内平川村,村,"https://maps.app.goo.gl/?q=24.3691646,123.8913539",
point_367,,,24.8691441,125.2958607,かりまた間切之内嶋尻村,村,"https://maps.app.goo.gl/?q=24.8691441,125.2958607",
point_368,,,24.8804021,125.278017,かりまた間切,間切,"https://maps.app.goo.gl/?q=24.8804021,125.278017",
point_369,,,24.8126584,125.2999779,平良間切之内入中曽根村,村,"https://maps.app.goo.gl/?q=24.8126584,125.2999779",
point_370,,,24.8029179,125.2931157,平良間切之内あかり中曽根村,村,"https://maps.app.goo.gl/?q=24.8029179,125.2931157",
point_371,,,24.7832291,125.2944882,平良間切之内新里村,村,"https://maps.app.goo.gl/?q=24.7832291,125.2944882",
point_372,,,24.7773606,125.278017,平良間切之内松原村,村,"https://maps.app.goo.gl/?q=24.7773606,125.278017",
point_373,,,24.7390913,125.2670344,下地間切之内与那覇村,村,"https://maps.app.goo.gl/?q=24.7390913,125.2670344",
point_374,,,24.7344366,125.4371006,おろか間切之内百名村,村,"https://maps.app.goo.gl/?q=24.7344366,125.4371006",
point_375,,,24.7316171,125.3713103,おろか間切之内友利村,村,"https://maps.app.goo.gl/?q=24.7316171,125.3713103",
point_376,,,24.7301915,125.3383954,おろか間切之内荒里村,村,"https://maps.app.goo.gl/?q=24.7301915,125.3383954",
point_377,,,24.7243238,125.3219329,おろか間切之内宮国村,村,"https://maps.app.goo.gl/?q=24.7243238,125.3219329",
point_378,,,24.7957754,125.2670344,くかい村,村,"https://maps.app.goo.gl/?q=24.7957754,125.2670344",
point_379,,,24.6555311,124.6967094,たらま嶋,島,"https://maps.app.goo.gl/?q=24.6555311,124.6967094",
point_380,,,24.3267023,124.0893962,たけとみ嶋,島,"https://maps.app.goo.gl/?q=24.3267023,124.0893962",
point_381,,,24.2339257,124.0140113,黒嶋,島,"https://maps.app.goo.gl/?q=24.2339257,124.0140113",
point_382,,,24.0631677,123.7797054,波照間嶋,島,"https://maps.app.goo.gl/?q=24.0631677,123.7797054",
point_383,,,24.3466078,123.9805756,小浜嶋,島,"https://maps.app.goo.gl/?q=24.3466078,123.9805756",
point_384,,,24.4128858,123.77152,入表間切之内浦内村,村,"https://maps.app.goo.gl/?q=24.4128858,123.77152",
point_385,,,24.4128858,123.77152,入表間切之内たから村,村,"https://maps.app.goo.gl/?q=24.4128858,123.77152",
point_386,,,24.3955831,123.75448,入表間切之内ほし立村,村,"https://maps.app.goo.gl/?q=24.3955831,123.75448",
point_387,,,24.4560321,122.9944636,与那国嶋,島,"https://maps.app.goo.gl/?q=24.4560321,122.9944636",
point_388,,,24.930518,125.2450647,いけま嶋,島,"https://maps.app.goo.gl/?q=24.930518,125.2450647",
point_389,,,24.9351455,125.2315252,さゝれ崎,崎,"https://maps.app.goo.gl/?q=24.9351455,125.2315252",
point_390,,,24.9204855,125.2483394,おな崎,崎,"https://maps.app.goo.gl/?q=24.9204855,125.2483394",
point_391,,,24.9253777,125.2544853,まさか崎,崎,"https://maps.app.goo.gl/?q=24.9253777,125.2544853",
point_392,,,24.9101258,125.2560255,ひやんな崎,崎,"https://maps.app.goo.gl/?q=24.9101258,125.2560255",
point_393,,,24.9136349,125.2679978,せとの崎,崎,"https://maps.app.goo.gl/?q=24.9136349,125.2679978",
point_394,,,24.9168512,125.3075256,大おかみ嶋,島,"https://maps.app.goo.gl/?q=24.9168512,125.3075256",
point_395,,,24.843306,125.286343,大崎,崎,"https://maps.app.goo.gl/?q=24.843306,125.286343",
point_396,,,24.821444,125.335079,ひらせのおかみ崎,崎,"https://maps.app.goo.gl/?q=24.821444,125.335079",
point_397,,,24.792352,125.369454,よなはま崎,崎,"https://maps.app.goo.gl/?q=24.792352,125.369454",
point_398,,,24.7194781,125.4682982,百名崎,崎,"https://maps.app.goo.gl/?q=24.7194781,125.4682982",
point_399,,,24.7125864,125.3079831,かゝいり崎,崎,"https://maps.app.goo.gl/?q=24.7125864,125.3079831",
point_400,,,24.7673666,125.3246769,"宮古嶋
嶋廻り十一里
高壱万弐千四百五拾八石七斗九升弐合",島,"https://maps.app.goo.gl/?q=24.7673666,125.3246769",
point_401,,,24.8090905,125.2788598,権現,寺社,"https://maps.app.goo.gl/?q=24.8090905,125.2788598",
point_402,,,24.7905733,125.3054672,はり水浜　船かゝり不自由,港湾,"https://maps.app.goo.gl/?q=24.7905733,125.3054672",
point_403,,,24.8013199,125.2590258,ねくわのおかみ崎,崎,"https://maps.app.goo.gl/?q=24.8013199,125.2590258",
point_404,,,24.767552,125.261572,西浜崎,崎,"https://maps.app.goo.gl/?q=24.767552,125.261572",
point_405,,,24.7229025,125.2505577,くれま嶋,島,"https://maps.app.goo.gl/?q=24.7229025,125.2505577",
point_406,,,24.8367236,125.1818695,永良部嶋,島,"https://maps.app.goo.gl/?q=24.8367236,125.1818695",
point_407,,,24.8605159,125.161829,白鳥崎,崎,"https://maps.app.goo.gl/?q=24.8605159,125.161829",
point_408,,,24.8142935,125.2212739,たかめの崎,崎,"https://maps.app.goo.gl/?q=24.8142935,125.2212739",
point_409,,,24.8053706,125.1721227,ひき崎,崎,"https://maps.app.goo.gl/?q=24.8053706,125.1721227",
point_410,,,24.8183207,125.1543783,下地嶋,島,"https://maps.app.goo.gl/?q=24.8183207,125.1543783",
point_411,,,24.8358942,125.1372135,さくり崎,崎,"https://maps.app.goo.gl/?q=24.8358942,125.1372135",
point_412,,,24.6555311,124.6967094,たらま嶋,島,"https://maps.app.goo.gl/?q=24.6555311,124.6967094",
point_413,,,24.6682967,124.7239579,はなれ崎,崎,"https://maps.app.goo.gl/?q=24.6682967,124.7239579",
point_414,,,24.6429306,124.7157604,みつはなれ崎,崎,"https://maps.app.goo.gl/?q=24.6429306,124.7157604",
point_415,,,24.6408584,124.6811896,大たう崎,崎,"https://maps.app.goo.gl/?q=24.6408584,124.6811896",
point_416,,,24.6636325,124.6726456,はたけ地の崎,崎,"https://maps.app.goo.gl/?q=24.6636325,124.6726456",
point_417,,,24.6752368,124.6911658,大なか崎,崎,"https://maps.app.goo.gl/?q=24.6752368,124.6911658",
point_418,,,24.757236,124.6939449,みつな嶋,島,"https://maps.app.goo.gl/?q=24.757236,124.6939449",
point_419,,,24.7466824,124.7067146,はなれ崎,崎,"https://maps.app.goo.gl/?q=24.7466824,124.7067146",
point_420,,,24.7620418,124.6943654,はま崎,崎,"https://maps.app.goo.gl/?q=24.7620418,124.6943654",
point_421,,,24.605298,124.339576,うら崎,崎,"https://maps.app.goo.gl/?q=24.605298,124.339576",
point_422,,,24.6099416,124.316105,ひらくほ崎,崎,"https://maps.app.goo.gl/?q=24.6099416,124.316105",
point_423,,,24.5607387,124.2831431,たてく崎,崎,"https://maps.app.goo.gl/?q=24.5607387,124.2831431",
point_424,,,24.519363,124.2567142,石崎,崎,"https://maps.app.goo.gl/?q=24.519363,124.2567142",
point_425,,,24.4987679,124.2294752,野城崎,崎,"https://maps.app.goo.gl/?q=24.4987679,124.2294752",
point_426,,,24.5316828,124.3078897,ともり崎,崎,"https://maps.app.goo.gl/?q=24.5316828,124.3078897",
point_427,,,24.4906342,124.2789102,たまとう崎,崎,"https://maps.app.goo.gl/?q=24.4906342,124.2789102",
point_428,,,24.4063954,124.1754627,"石墻嶋
八重山嶋之内
嶋廻り十六里十七町
高弐千五百三拾八石七升九合",島,"https://maps.app.goo.gl/?q=24.4063954,124.1754627",
point_429,,,24.4272609,124.1834898,おもと獄,山,"https://maps.app.goo.gl/?q=24.4272609,124.1834898",
point_430,,,24.4627757,124.1439629,川平,港湾,"https://maps.app.goo.gl/?q=24.4627757,124.1439629",
point_431,,,24.47876,124.113288,磯城崎,崎,"https://maps.app.goo.gl/?q=24.47876,124.113288",
point_432,,,24.4531756,124.0770257,おかみ崎,崎,"https://maps.app.goo.gl/?q=24.4531756,124.0770257",
point_433,,,24.4315961,124.070624,平瀬崎,崎,"https://maps.app.goo.gl/?q=24.4315961,124.070624",
point_434,,,24.4166896,124.0848111,大崎,崎,"https://maps.app.goo.gl/?q=24.4166896,124.0848111",
point_435,,,24.3657154,124.1114967,いやうち崎,崎,"https://maps.app.goo.gl/?q=24.3657154,124.1114967",
point_436,,,24.3434311,124.1558618,権現,寺社,"https://maps.app.goo.gl/?q=24.3434311,124.1558618",
point_437,,,24.341124,124.1511325,御崎おかみ,その他,"https://maps.app.goo.gl/?q=24.341124,124.1511325",
point_438,,,24.3378201,124.1489786,"御崎泊
船繋り不成",港湾,"https://maps.app.goo.gl/?q=24.3378201,124.1489786",
point_439,,,24.3461619,124.2006259,さきはる崎,崎,"https://maps.app.goo.gl/?q=24.3461619,124.2006259",
point_440,,,24.3590218,124.2111065,歩渡り,渡河点,"https://maps.app.goo.gl/?q=24.3590218,124.2111065",
point_441,,,24.3267023,124.0893962,たけとみ嶋,島,"https://maps.app.goo.gl/?q=24.3267023,124.0893962",
point_442,,,24.3251004,124.0758351,はさま崎,崎,"https://maps.app.goo.gl/?q=24.3251004,124.0758351",
point_443,,,24.3123332,124.0822531,そとふ崎,崎,"https://maps.app.goo.gl/?q=24.3123332,124.0822531",
point_444,,,24.3208252,124.1020512,あかりい浜崎,崎,"https://maps.app.goo.gl/?q=24.3208252,124.1020512",
point_445,,,24.3633395,123.9993847,かやま嶋,島,"https://maps.app.goo.gl/?q=24.3633395,123.9993847",
point_446,,,24.3466078,123.9805756,小浜嶋,島,"https://maps.app.goo.gl/?q=24.3466078,123.9805756",
point_447,,,24.3462465,123.9924975,船崎,崎,"https://maps.app.goo.gl/?q=24.3462465,123.9924975",
point_448,,,24.3496848,123.9636098,屋崎,崎,"https://maps.app.goo.gl/?q=24.3496848,123.9636098",
point_449,,,24.3348259,123.952459,ゆね崎,崎,"https://maps.app.goo.gl/?q=24.3348259,123.952459",
point_450,,,24.3238384,123.9917797,なへ崎,崎,"https://maps.app.goo.gl/?q=24.3238384,123.9917797",
point_451,,,24.327791,124.0030616,きさす崎,崎,"https://maps.app.goo.gl/?q=24.327791,124.0030616",
point_452,,,24.2339257,124.0140113,黒嶋,島,"https://maps.app.goo.gl/?q=24.2339257,124.0140113",
point_453,,,24.230218,124.026031,きやん崎,崎,"https://maps.app.goo.gl/?q=24.230218,124.026031",
point_454,,,24.254138,124.0001307,ゆはな崎,崎,"https://maps.app.goo.gl/?q=24.254138,124.0001307",
point_455,,,24.2346556,123.9449454,上離嶋,島,"https://maps.app.goo.gl/?q=24.2346556,123.9449454",
point_456,,,24.2213297,123.9345521,下離嶋,島,"https://maps.app.goo.gl/?q=24.2213297,123.9345521",
point_457,,,24.0631677,123.7797054,波照間嶋,島,"https://maps.app.goo.gl/?q=24.0631677,123.7797054",
point_458,,,24.0661077,123.7660574,をない崎,崎,"https://maps.app.goo.gl/?q=24.0661077,123.7660574",
point_459,,,24.0628582,123.7547977,はま崎,崎,"https://maps.app.goo.gl/?q=24.0628582,123.7547977",
point_460,,,24.0499285,123.8048891,高瀬崎,崎,"https://maps.app.goo.gl/?q=24.0499285,123.8048891",
point_461,,,24.0614344,123.8104698,はへひら崎,崎,"https://maps.app.goo.gl/?q=24.0614344,123.8104698",
point_462,,,24.3300613,123.8187977,入表嶋,島,"https://maps.app.goo.gl/?q=24.3300613,123.8187977",
point_463,,,24.4728533,123.8215894,鳩間嶋,島,"https://maps.app.goo.gl/?q=24.4728533,123.8215894",
point_464,,,24.364615,123.938925,たら瀬崎,崎,"https://maps.app.goo.gl/?q=24.364615,123.938925",
point_465,,,24.316335,123.926952,かきら崎,崎,"https://maps.app.goo.gl/?q=24.316335,123.926952",
point_466,,,24.3231678,123.9106167,歩渡り,渡河点,"https://maps.app.goo.gl/?q=24.3231678,123.9106167",
point_467,,,24.274796,123.901739,ないせ崎,崎,"https://maps.app.goo.gl/?q=24.274796,123.901739",
point_468,,,24.2569468,123.8795777,崎枝崎,崎,"https://maps.app.goo.gl/?q=24.2569468,123.8795777",
point_469,,,24.2723326,123.8306272,はへめ崎,崎,"https://maps.app.goo.gl/?q=24.2723326,123.8306272",
point_470,,,24.3909469,123.7477791,そなひ村,その他,"https://maps.app.goo.gl/?q=24.3909469,123.7477791",
point_471,,,24.4091733,123.8116565,おかみ崎,崎,"https://maps.app.goo.gl/?q=24.4091733,123.8116565",
point_472,,,24.425246,123.765583,おかみ崎,崎,"https://maps.app.goo.gl/?q=24.425246,123.765583",
point_473,,,24.4015194,123.7512687,いめ城崎,崎,"https://maps.app.goo.gl/?q=24.4015194,123.7512687",
point_474,,,24.3726358,123.7168441,外離嶋,島,"https://maps.app.goo.gl/?q=24.3726358,123.7168441",
point_475,,,24.3766014,123.7279496,野城崎,崎,"https://maps.app.goo.gl/?q=24.3766014,123.7279496",
point_476,,,24.3726119,123.7202264,"此外はなれ船かゝり場、広サ六町
深サ八尋、入四町、大船十四五艘程
かゝる何風にても船繋自由",港湾,"https://maps.app.goo.gl/?q=24.3726119,123.7202264",
point_477,,,24.3530168,123.7378026,内離嶋,島,"https://maps.app.goo.gl/?q=24.3530168,123.7378026",
point_478,,,24.349741,123.703696,さは崎,崎,"https://maps.app.goo.gl/?q=24.349741,123.703696",
point_479,,,24.3161562,123.6774809,船出入なし,港湾,"https://maps.app.goo.gl/?q=24.3161562,123.6774809",
point_480,,,24.305343,123.663688,はへめ崎,崎,"https://maps.app.goo.gl/?q=24.305343,123.663688",
point_481,,,24.278461,123.718791,おら水崎,崎,"https://maps.app.goo.gl/?q=24.278461,123.718791",
point_482,,,24.4560321,122.9944636,与那国嶋,島,"https://maps.app.goo.gl/?q=24.4560321,122.9944636",
point_483,,,24.4623149,123.0429482,あかみ崎,崎,"https://maps.app.goo.gl/?q=24.4623149,123.0429482",
point_484,,,24.4541475,123.0327281,あたんはな崎,崎,"https://maps.app.goo.gl/?q=24.4541475,123.0327281",
point_485,,,24.4390582,122.9788191,もりの崎,崎,"https://maps.app.goo.gl/?q=24.4390582,122.9788191",
point_486,,,24.4500009,122.9342772,いれ之崎,崎,"https://maps.app.goo.gl/?q=24.4500009,122.9342772",
point_487,,,24.4555745,122.9416405,ひら崎,崎,"https://maps.app.goo.gl/?q=24.4555745,122.9416405",
point_488,,,24.4719759,122.9628038,とも崎,崎,"https://maps.app.goo.gl/?q=24.4719759,122.9628038",
point_489,,,24.4683455,122.976906,としろ崎,崎,"https://maps.app.goo.gl/?q=24.4683455,122.976906",
point_490,,,24.4729356,122.9950806,あへ崎,崎,"https://maps.app.goo.gl/?q=24.4729356,122.9950806",
point_491,,,24.4741076,123.0058629,大石崎,崎,"https://maps.app.goo.gl/?q=24.4741076,123.0058629",
point_492,,,24.3135376,123.9063429,歩渡り,渡河点,"https://maps.app.goo.gl/?q=24.3135376,123.9063429",
